<?xml version="1.0" encoding="UTF-8"?>
<projectRoot>
<url value="http://services.aonaware.com/DictService/DictService.asmx?wsdl">
<service name="DictService">
<port name="DictServiceSoap">
<operations>
<operation name="ServerInfo(parameters: ServerInfo): ServerInfoResponse"/>
<operation name="DictionaryList(parameters: DictionaryList): DictionaryListResponse"/>
<operation name="DictionaryListExtended(parameters: DictionaryListExtended): DictionaryListExtendedResponse"/>
<operation name="DictionaryInfo(parameters: DictionaryInfo): DictionaryInfoResponse"/>
<operation name="Define(parameters: Define): DefineResponse"/>
<operation name="DefineInDict(parameters: DefineInDict): DefineInDictResponse"/>
<operation name="StrategyList(parameters: StrategyList): StrategyListResponse"/>
<operation name="Match(parameters: Match): MatchResponse"/>
<operation name="MatchInDict(parameters: MatchInDict): MatchInDictResponse"/>
</operations>
</port>
</service>
<asPackage absPath="C:\Users\Charu\Documents\Flex Builder 3\Slider\src\com\aonaware" name="com.aonaware">
<mainAsClass name="DictService.as"/>
<otherAsClass name="Dictionary.as"/>
<otherAsClass name="StrategyList_request.as"/>
<otherAsClass name="WordDefinition.as"/>
<otherAsClass name="Strategy.as"/>
<otherAsClass name="ArrayOfDefinition.as"/>
<otherAsClass name="StrategyListResultEvent.as"/>
<otherAsClass name="IDictService.as"/>
<otherAsClass name="BaseDictService.as"/>
<otherAsClass name="ServerInfoResultEvent.as"/>
<otherAsClass name="DictionaryListExtendedResultEvent.as"/>
<otherAsClass name="ArrayOfStrategy0.as"/>
<otherAsClass name="DictionaryWord.as"/>
<otherAsClass name="Definition.as"/>
<otherAsClass name="ArrayOfDictionaryWord.as"/>
<otherAsClass name="DictionaryListExtended_request.as"/>
<otherAsClass name="MatchInDictResultEvent.as"/>
<otherAsClass name="ArrayOfDictionary0.as"/>
<otherAsClass name="DictionaryInfoResultEvent.as"/>
<otherAsClass name="BaseDictServiceSchema.as"/>
<otherAsClass name="ArrayOfDictionary.as"/>
<otherAsClass name="DefineInDictResultEvent.as"/>
<otherAsClass name="ArrayOfStrategy.as"/>
<otherAsClass name="DictionaryInfo_request.as"/>
<otherAsClass name="DictionaryList_request.as"/>
<otherAsClass name="Define_request.as"/>
<otherAsClass name="DefineInDict_request.as"/>
<otherAsClass name="DefineResultEvent.as"/>
<otherAsClass name="String.as"/>
<otherAsClass name="Match_request.as"/>
<otherAsClass name="ServerInfo_request.as"/>
<otherAsClass name="WordDefinition0.as"/>
<otherAsClass name="MatchResultEvent.as"/>
<otherAsClass name="ArrayOfDictionaryWord0.as"/>
<otherAsClass name="MatchInDict_request.as"/>
<otherAsClass name="DictionaryListResultEvent.as"/>
</asPackage>
</url>
</projectRoot>
